Match_ID,Round,Status,URL
blues-chiefs-eden-park-31012020,1,,https://www.rugbypass.com/live/super-rugby/blues-vs-chiefs-at-eden-park-on-31012020/2020/stats/
brumbies-reds-gio-stadium-31012020,1,,https://www.rugbypass.com/live/super-rugby/brumbies-vs-reds-at-gio-stadium-on-31012020/2020/stats/
sharks-bulls-kings-park-stadium-31012020,1,,https://www.rugbypass.com/live/super-rugby/sharks-vs-bulls-at-kings-park-stadium-on-31012020/2020/stats/
sunwolves-rebels-level-five-stadium-01022020,1,,https://www.rugbypass.com/live/super-rugby/sunwolves-vs-rebels-at-level-five-stadium-on-01022020/2020/stats/
crusaders-waratahs-trafalgar-park-01022020,1,,https://www.rugbypass.com/live/super-rugby/crusaders-vs-waratahs-at-trafalgar-park-on-01022020/2020/stats/
stormers-hurricanes-newlands-01022020,1,,https://www.rugbypass.com/live/super-rugby/stormers-vs-hurricanes-at-newlands-on-01022020/2020/stats/
jaguares-lions-estadio-jose-amalfitani-02022020,1,,https://www.rugbypass.com/live/super-rugby/jaguares-vs-lions-at-estadio-jose-amalfitani-on-02022020/2020/stats/
highlanders-sharks-forsyth-barr-stadium-07022020,2,,https://www.rugbypass.com/live/super-rugby/highlanders-vs-sharks-at-forsyth-barr-stadium-on-07022020/2020/stats/
brumbies-rebels-gio-stadium-07022020,2,,https://www.rugbypass.com/live/super-rugby/brumbies-vs-rebels-at-gio-stadium-on-07022020/2020/stats/
chiefs-crusaders-fmg-stadium-08022020,2,,https://www.rugbypass.com/live/super-rugby/chiefs-vs-crusaders-at-fmg-stadium-on-08022020/2020/stats/
waratahs-blues-mcdonald-jones-stadium-08022020,2,,https://www.rugbypass.com/live/super-rugby/waratahs-vs-blues-at-mcdonald-jones-stadium-on-08022020/2020/stats/
lions-reds-emirates-airline-park-08022020,2,,https://www.rugbypass.com/live/super-rugby/lions-vs-reds-at-emirates-airline-park-on-08022020/2020/stats/
stormers-bulls-newlands-08022020,2,,https://www.rugbypass.com/live/super-rugby/stormers-vs-bulls-at-newlands-on-08022020/2020/stats/
jaguares-hurricanes-estadio-jose-amalfitani-08022020,2,,https://www.rugbypass.com/live/super-rugby/jaguares-vs-hurricanes-at-estadio-jose-amalfitani-on-08022020/2020/stats/
blues-crusaders-eden-park-14022020,3,,https://www.rugbypass.com/live/super-rugby/blues-vs-crusaders-at-eden-park-on-14022020/2020/stats/
rebels-waratahs-aami-park-14022020,3,,https://www.rugbypass.com/live/super-rugby/rebels-vs-waratahs-at-aami-park-on-14022020/2020/stats/
sunwolves-chiefs-prince-chichibu-memorial-stadium-15022020,3,,https://www.rugbypass.com/live/super-rugby/sunwolves-vs-chiefs-at-prince-chichibu-memorial-stadium-on-15022020/2020/stats/
hurricanes-sharks-sky-stadium-15022020,3,,https://www.rugbypass.com/live/super-rugby/hurricanes-vs-sharks-at-sky-stadium-on-15022020/2020/stats/
brumbies-highlanders-gio-stadium-15022020,3,,https://www.rugbypass.com/live/super-rugby/brumbies-vs-highlanders-at-gio-stadium-on-15022020/2020/stats/
lions-stormers-emirates-airline-park-15022020,3,,https://www.rugbypass.com/live/super-rugby/lions-vs-stormers-at-emirates-airline-park-on-15022020/2020/stats/
jaguares-reds-estadio-jose-amalfitani-15022020,3,,https://www.rugbypass.com/live/super-rugby/jaguares-vs-reds-at-estadio-jose-amalfitani-on-15022020/2020/stats/
crusaders-highlanders-orangetheory-stadium-21022020,4,,https://www.rugbypass.com/live/super-rugby/crusaders-vs-highlanders-at-orangetheory-stadium-on-21022020/2020/stats/
rebels-sharks-tbc-22022020,4,,https://www.rugbypass.com/live/super-rugby/rebels-vs-sharks-at-tbc-on-22022020/2020/stats/
chiefs-brumbies-fmg-stadium-22022020,4,,https://www.rugbypass.com/live/super-rugby/chiefs-vs-brumbies-at-fmg-stadium-on-22022020/2020/stats/
reds-sunwolves-suncorp-stadium-22022020,4,,https://www.rugbypass.com/live/super-rugby/reds-vs-sunwolves-at-suncorp-stadium-on-22022020/2020/stats/
stormers-jaguares-newlands-22022020,4,,https://www.rugbypass.com/live/super-rugby/stormers-vs-jaguares-at-newlands-on-22022020/2020/stats/
bulls-blues-loftus-versfeld-22022020,4,,https://www.rugbypass.com/live/super-rugby/bulls-vs-blues-at-loftus-versfeld-on-22022020/2020/stats/
highlanders-rebels-forsyth-barr-stadium-28022020,5,,https://www.rugbypass.com/live/super-rugby/highlanders-vs-rebels-at-forsyth-barr-stadium-on-28022020/2020/stats/
waratahs-lions-bankwest-stadium-28022020,5,,https://www.rugbypass.com/live/super-rugby/waratahs-vs-lions-at-bankwest-stadium-on-28022020/2020/stats/
hurricanes-sunwolves-tbc-29022020,5,,https://www.rugbypass.com/live/super-rugby/hurricanes-vs-sunwolves-at-tbc-on-29022020/2020/stats/
reds-sharks-suncorp-stadium-29022020,5,,https://www.rugbypass.com/live/super-rugby/reds-vs-sharks-at-suncorp-stadium-on-29022020/2020/stats/
stormers-blues-newlands-29022020,5,,https://www.rugbypass.com/live/super-rugby/stormers-vs-blues-at-newlands-on-29022020/2020/stats/
bulls-jaguares-loftus-versfeld-29022020,5,,https://www.rugbypass.com/live/super-rugby/bulls-vs-jaguares-at-loftus-versfeld-on-29022020/2020/stats/
crusaders-reds-orangetheory-stadium-06032020,6,No Stats,https://www.rugbypass.com/live/super-rugby/crusaders-vs-reds-at-orangetheory-stadium-on-06032020/2020/stats/
waratahs-chiefs-win-stadium-06032020,6,No Stats,https://www.rugbypass.com/live/super-rugby/waratahs-vs-chiefs-at-win-stadium-on-06032020/2020/stats/
hurricanes-blues-sky-stadium-07032020,6,No Stats,https://www.rugbypass.com/live/super-rugby/hurricanes-vs-blues-at-sky-stadium-on-07032020/2020/stats/
rebels-lions-aami-park-07032020,6,No Stats,https://www.rugbypass.com/live/super-rugby/rebels-vs-lions-at-aami-park-on-07032020/2020/stats/
sharks-jaguares-kings-park-stadium-07032020,6,No Stats,https://www.rugbypass.com/live/super-rugby/sharks-vs-jaguares-at-kings-park-stadium-on-07032020/2020/stats/
bulls-highlanders-loftus-versfeld-07032020,6,No Stats,https://www.rugbypass.com/live/super-rugby/bulls-vs-highlanders-at-loftus-versfeld-on-07032020/2020/stats/
sunwolves-brumbies-hanazono-rugby-stadium-08032020,6,No Stats,https://www.rugbypass.com/live/super-rugby/sunwolves-vs-brumbies-at-hanazono-rugby-stadium-on-08032020/2020/stats/
chiefs-hurricanes-fmg-stadium-13032020,6,No Stats,https://www.rugbypass.com/live/super-rugby/chiefs-vs-hurricanes-at-fmg-stadium-on-13032020/2020/stats/
sunwolves-crusaders-prince-chichibu-memorial-stadium-14032020,6,No Stats,https://www.rugbypass.com/live/super-rugby/sunwolves-vs-crusaders-at-prince-chichibu-memorial-stadium-on-14032020/2020/stats/
blues-lions-eden-park-14032020,6,No Stats,https://www.rugbypass.com/live/super-rugby/blues-vs-lions-at-eden-park-on-14032020/2020/stats/
reds-bulls-suncorp-stadium-14032020,6,No Stats,https://www.rugbypass.com/live/super-rugby/reds-vs-bulls-at-suncorp-stadium-on-14032020/2020/stats/
sharks-stormers-kings-park-stadium-14032020,6,No Stats,https://www.rugbypass.com/live/super-rugby/sharks-vs-stormers-at-kings-park-stadium-on-14032020/2020/stats/
jaguares-highlanders-estadio-jose-amalfitani-14032020,6,No Stats,https://www.rugbypass.com/live/super-rugby/jaguares-vs-highlanders-at-estadio-jose-amalfitani-on-14032020/2020/stats/
brumbies-waratahs-gio-stadium-15032020,6,No Stats,https://www.rugbypass.com/live/super-rugby/brumbies-vs-waratahs-at-gio-stadium-on-15032020/2020/stats/
crusaders-hurricanes-orangetheory-stadium-20032020,6,No Stats,https://www.rugbypass.com/live/super-rugby/crusaders-vs-hurricanes-at-orangetheory-stadium-on-20032020/2020/stats/
rebels-sunwolves-aami-park-20032020,6,No Stats,https://www.rugbypass.com/live/super-rugby/rebels-vs-sunwolves-at-aami-park-on-20032020/2020/stats/
highlanders-lions-forsyth-barr-stadium-21032020,6,No Stats,https://www.rugbypass.com/live/super-rugby/highlanders-vs-lions-at-forsyth-barr-stadium-on-21032020/2020/stats/
blues-brumbies-eden-park-21032020,6,No Stats,https://www.rugbypass.com/live/super-rugby/blues-vs-brumbies-at-eden-park-on-21032020/2020/stats/
waratahs-bulls-tbc-21032020,6,No Stats,https://www.rugbypass.com/live/super-rugby/waratahs-vs-bulls-at-tbc-on-21032020/2020/stats/
sharks-chiefs-kings-park-stadium-21032020,6,No Stats,https://www.rugbypass.com/live/super-rugby/sharks-vs-chiefs-at-kings-park-stadium-on-21032020/2020/stats/
jaguares-stormers-estadio-jose-amalfitani-21032020,6,No Stats,https://www.rugbypass.com/live/super-rugby/jaguares-vs-stormers-at-estadio-jose-amalfitani-on-21032020/2020/stats/
hurricanes-bulls-sky-stadium-27032020,6,No Stats,https://www.rugbypass.com/live/super-rugby/hurricanes-vs-bulls-at-sky-stadium-on-27032020/2020/stats/
reds-brumbies-suncorp-stadium-27032020,6,No Stats,https://www.rugbypass.com/live/super-rugby/reds-vs-brumbies-at-suncorp-stadium-on-27032020/2020/stats/
highlanders-crusaders-forsyth-barr-stadium-28032020,6,No Stats,https://www.rugbypass.com/live/super-rugby/highlanders-vs-crusaders-at-forsyth-barr-stadium-on-28032020/2020/stats/
waratahs-sunwolves-tbc-28032020,6,No Stats,https://www.rugbypass.com/live/super-rugby/waratahs-vs-sunwolves-at-tbc-on-28032020/2020/stats/
lions-chiefs-emirates-airline-park-28032020,6,No Stats,https://www.rugbypass.com/live/super-rugby/lions-vs-chiefs-at-emirates-airline-park-on-28032020/2020/stats/
stormers-rebels-newlands-28032020,6,No Stats,https://www.rugbypass.com/live/super-rugby/stormers-vs-rebels-at-newlands-on-28032020/2020/stats/
crusaders-blues-orangetheory-stadium-03042020,6,No Stats,https://www.rugbypass.com/live/super-rugby/crusaders-vs-blues-at-orangetheory-stadium-on-03042020/2020/stats/
chiefs-bulls-fmg-stadium-04042020,6,No Stats,https://www.rugbypass.com/live/super-rugby/chiefs-vs-bulls-at-fmg-stadium-on-04042020/2020/stats/
brumbies-hurricanes-gio-stadium-04042020,6,No Stats,https://www.rugbypass.com/live/super-rugby/brumbies-vs-hurricanes-at-gio-stadium-on-04042020/2020/stats/
stormers-waratahs-newlands-04042020,6,No Stats,https://www.rugbypass.com/live/super-rugby/stormers-vs-waratahs-at-newlands-on-04042020/2020/stats/
lions-sharks-emirates-airline-park-04042020,6,No Stats,https://www.rugbypass.com/live/super-rugby/lions-vs-sharks-at-emirates-airline-park-on-04042020/2020/stats/
jaguares-rebels-estadio-jose-amalfitani-04042020,6,No Stats,https://www.rugbypass.com/live/super-rugby/jaguares-vs-rebels-at-estadio-jose-amalfitani-on-04042020/2020/stats/
sunwolves-reds-prince-chichibu-memorial-stadium-05042020,6,No Stats,https://www.rugbypass.com/live/super-rugby/sunwolves-vs-reds-at-prince-chichibu-memorial-stadium-on-05042020/2020/stats/
highlanders-chiefs-forsyth-barr-stadium-10042020,6,No Stats,https://www.rugbypass.com/live/super-rugby/highlanders-vs-chiefs-at-forsyth-barr-stadium-on-10042020/2020/stats/
blues-hurricanes-eden-park-11042020,6,No Stats,https://www.rugbypass.com/live/super-rugby/blues-vs-hurricanes-at-eden-park-on-11042020/2020/stats/
reds-rebels-suncorp-stadium-11042020,6,No Stats,https://www.rugbypass.com/live/super-rugby/reds-vs-rebels-at-suncorp-stadium-on-11042020/2020/stats/
sharks-waratahs-kings-park-stadium-11042020,6,No Stats,https://www.rugbypass.com/live/super-rugby/sharks-vs-waratahs-at-kings-park-stadium-on-11042020/2020/stats/
bulls-lions-loftus-versfeld-11042020,6,No Stats,https://www.rugbypass.com/live/super-rugby/bulls-vs-lions-at-loftus-versfeld-on-11042020/2020/stats/
brumbies-jaguares-gio-stadium-12042020,6,No Stats,https://www.rugbypass.com/live/super-rugby/brumbies-vs-jaguares-at-gio-stadium-on-12042020/2020/stats/
hurricanes-highlanders-sky-stadium-17042020,6,No Stats,https://www.rugbypass.com/live/super-rugby/hurricanes-vs-highlanders-at-sky-stadium-on-17042020/2020/stats/
rebels-crusaders-aami-park-17042020,6,No Stats,https://www.rugbypass.com/live/super-rugby/rebels-vs-crusaders-at-aami-park-on-17042020/2020/stats/
blues-jaguares-eden-park-18042020,6,No Stats,https://www.rugbypass.com/live/super-rugby/blues-vs-jaguares-at-eden-park-on-18042020/2020/stats/
waratahs-reds-tbc-18042020,6,No Stats,https://www.rugbypass.com/live/super-rugby/waratahs-vs-reds-at-tbc-on-18042020/2020/stats/
lions-sunwolves-emirates-airline-park-18042020,6,No Stats,https://www.rugbypass.com/live/super-rugby/lions-vs-sunwolves-at-emirates-airline-park-on-18042020/2020/stats/
stormers-sharks-newlands-18042020,6,No Stats,https://www.rugbypass.com/live/super-rugby/stormers-vs-sharks-at-newlands-on-18042020/2020/stats/
crusaders-jaguares-orangetheory-stadium-24042020,6,No Stats,https://www.rugbypass.com/live/super-rugby/crusaders-vs-jaguares-at-orangetheory-stadium-on-24042020/2020/stats/
rebels-blues-aami-park-24042020,6,No Stats,https://www.rugbypass.com/live/super-rugby/rebels-vs-blues-at-aami-park-on-24042020/2020/stats/
chiefs-stormers-tbc-25042020,6,No Stats,https://www.rugbypass.com/live/super-rugby/chiefs-vs-stormers-at-tbc-on-25042020/2020/stats/
sharks-brumbies-kings-park-stadium-25042020,6,No Stats,https://www.rugbypass.com/live/super-rugby/sharks-vs-brumbies-at-kings-park-stadium-on-25042020/2020/stats/
bulls-sunwolves-loftus-versfeld-25042020,6,No Stats,https://www.rugbypass.com/live/super-rugby/bulls-vs-sunwolves-at-loftus-versfeld-on-25042020/2020/stats/
reds-highlanders-suncorp-stadium-26042020,6,No Stats,https://www.rugbypass.com/live/super-rugby/reds-vs-highlanders-at-suncorp-stadium-on-26042020/2020/stats/
hurricanes-chiefs-sky-stadium-01052020,6,No Stats,https://www.rugbypass.com/live/super-rugby/hurricanes-vs-chiefs-at-sky-stadium-on-01052020/2020/stats/
crusaders-stormers-orangetheory-stadium-02052020,6,No Stats,https://www.rugbypass.com/live/super-rugby/crusaders-vs-stormers-at-orangetheory-stadium-on-02052020/2020/stats/
highlanders-blues-forsyth-barr-stadium-02052020,6,No Stats,https://www.rugbypass.com/live/super-rugby/highlanders-vs-blues-at-forsyth-barr-stadium-on-02052020/2020/stats/
waratahs-rebels-tbc-02052020,6,No Stats,https://www.rugbypass.com/live/super-rugby/waratahs-vs-rebels-at-tbc-on-02052020/2020/stats/
sunwolves-jaguares-singapore-international-stadium-02052020,6,No Stats,https://www.rugbypass.com/live/super-rugby/sunwolves-vs-jaguares-at-singapore-international-stadium-on-02052020/2020/stats/
sharks-lions-kings-park-stadium-02052020,6,No Stats,https://www.rugbypass.com/live/super-rugby/sharks-vs-lions-at-kings-park-stadium-on-02052020/2020/stats/
bulls-brumbies-loftus-versfeld-02052020,6,No Stats,https://www.rugbypass.com/live/super-rugby/bulls-vs-brumbies-at-loftus-versfeld-on-02052020/2020/stats/
hurricanes-crusaders-sky-stadium-08052020,6,No Stats,https://www.rugbypass.com/live/super-rugby/hurricanes-vs-crusaders-at-sky-stadium-on-08052020/2020/stats/
sunwolves-waratahs-prince-chichibu-memorial-stadium-08052020,6,No Stats,https://www.rugbypass.com/live/super-rugby/sunwolves-vs-waratahs-at-prince-chichibu-memorial-stadium-on-08052020/2020/stats/
chiefs-highlanders-fmg-stadium-09052020,6,No Stats,https://www.rugbypass.com/live/super-rugby/chiefs-vs-highlanders-at-fmg-stadium-on-09052020/2020/stats/
blues-reds-eden-park-09052020,6,No Stats,https://www.rugbypass.com/live/super-rugby/blues-vs-reds-at-eden-park-on-09052020/2020/stats/
brumbies-stormers-gio-stadium-09052020,6,No Stats,https://www.rugbypass.com/live/super-rugby/brumbies-vs-stormers-at-gio-stadium-on-09052020/2020/stats/
lions-bulls-emirates-airline-park-09052020,6,No Stats,https://www.rugbypass.com/live/super-rugby/lions-vs-bulls-at-emirates-airline-park-on-09052020/2020/stats/
jaguares-sharks-estadio-jose-amalfitani-09052020,6,No Stats,https://www.rugbypass.com/live/super-rugby/jaguares-vs-sharks-at-estadio-jose-amalfitani-on-09052020/2020/stats/
chiefs-blues-fmg-stadium-15052020,6,No Stats,https://www.rugbypass.com/live/super-rugby/chiefs-vs-blues-at-fmg-stadium-on-15052020/2020/stats/
rebels-brumbies-aami-park-15052020,6,No Stats,https://www.rugbypass.com/live/super-rugby/rebels-vs-brumbies-at-aami-park-on-15052020/2020/stats/
sunwolves-stormers-prince-chichibu-memorial-stadium-16052020,6,No Stats,https://www.rugbypass.com/live/super-rugby/sunwolves-vs-stormers-at-prince-chichibu-memorial-stadium-on-16052020/2020/stats/
highlanders-hurricanes-forsyth-barr-stadium-16052020,6,No Stats,https://www.rugbypass.com/live/super-rugby/highlanders-vs-hurricanes-at-forsyth-barr-stadium-on-16052020/2020/stats/
reds-waratahs-suncorp-stadium-16052020,6,No Stats,https://www.rugbypass.com/live/super-rugby/reds-vs-waratahs-at-suncorp-stadium-on-16052020/2020/stats/
lions-crusaders-emirates-airline-park-16052020,6,No Stats,https://www.rugbypass.com/live/super-rugby/lions-vs-crusaders-at-emirates-airline-park-on-16052020/2020/stats/
bulls-sharks-loftus-versfeld-16052020,6,No Stats,https://www.rugbypass.com/live/super-rugby/bulls-vs-sharks-at-loftus-versfeld-on-16052020/2020/stats/
chiefs-rebels-fmg-stadium-22052020,6,No Stats,https://www.rugbypass.com/live/super-rugby/chiefs-vs-rebels-at-fmg-stadium-on-22052020/2020/stats/
reds-hurricanes-suncorp-stadium-22052020,6,No Stats,https://www.rugbypass.com/live/super-rugby/reds-vs-hurricanes-at-suncorp-stadium-on-22052020/2020/stats/
highlanders-sunwolves-forsyth-barr-stadium-23052020,6,No Stats,https://www.rugbypass.com/live/super-rugby/highlanders-vs-sunwolves-at-forsyth-barr-stadium-on-23052020/2020/stats/
waratahs-brumbies-bankwest-stadium-23052020,6,No Stats,https://www.rugbypass.com/live/super-rugby/waratahs-vs-brumbies-at-bankwest-stadium-on-23052020/2020/stats/
sharks-crusaders-kings-park-stadium-23052020,6,No Stats,https://www.rugbypass.com/live/super-rugby/sharks-vs-crusaders-at-kings-park-stadium-on-23052020/2020/stats/
stormers-lions-newlands-23052020,6,No Stats,https://www.rugbypass.com/live/super-rugby/stormers-vs-lions-at-newlands-on-23052020/2020/stats/
jaguares-bulls-estadio-jose-amalfitani-23052020,6,No Stats,https://www.rugbypass.com/live/super-rugby/jaguares-vs-bulls-at-estadio-jose-amalfitani-on-23052020/2020/stats/
blues-highlanders-eden-park-29052020,6,No Stats,https://www.rugbypass.com/live/super-rugby/blues-vs-highlanders-at-eden-park-on-29052020/2020/stats/
brumbies-sunwolves-gio-stadium-29052020,6,No Stats,https://www.rugbypass.com/live/super-rugby/brumbies-vs-sunwolves-at-gio-stadium-on-29052020/2020/stats/
hurricanes-waratahs-sky-stadium-30052020,6,No Stats,https://www.rugbypass.com/live/super-rugby/hurricanes-vs-waratahs-at-sky-stadium-on-30052020/2020/stats/
crusaders-chiefs-orangetheory-stadium-30052020,6,No Stats,https://www.rugbypass.com/live/super-rugby/crusaders-vs-chiefs-at-orangetheory-stadium-on-30052020/2020/stats/
rebels-reds-aami-park-30052020,6,No Stats,https://www.rugbypass.com/live/super-rugby/rebels-vs-reds-at-aami-park-on-30052020/2020/stats/
lions-jaguares-emirates-airline-park-30052020,6,No Stats,https://www.rugbypass.com/live/super-rugby/lions-vs-jaguares-at-emirates-airline-park-on-30052020/2020/stats/
bulls-stormers-loftus-versfeld-30052020,6,No Stats,https://www.rugbypass.com/live/super-rugby/bulls-vs-stormers-at-loftus-versfeld-on-30052020/2020/stats/
