Team,Score,Defenders beaten,Clean breaks,Offloads,Turnovers conceded,Missed tackles,Turnovers won,Conversions missed,Penalty goals,Penalty goals missed,Drop goals,Drop goals missed,Rucks won %,Mauls won,Lineouts lost,Scrums won,Scrums lost,Scrums won %,Penalties conceded,Possession,Tries,Passes,Tackles,Kicks in play,Conversions,Rucks won,Rucks lost,Match_ID
BLU,29,26,10,7,22,18,3,1,1,2,0,0,63,2,2,9,0,50,8,56.0,4,151,92,11,3,118,2,blues-chiefs-eden-park-31012020
CHI,37,17,12,10,12,33,10,2,1,0,1,0,37,5,1,9,0,50,11,44.0,5,99,181,21,3,68,0,blues-chiefs-eden-park-31012020
BRU,27,21,4,2,13,18,12,2,1,0,0,0,46,5,3,5,1,22,10,46.0,4,110,109,14,2,72,1,brumbies-reds-gio-stadium-31012020
RED,24,16,7,9,20,18,6,0,1,0,0,0,52,1,0,7,0,78,10,54.0,3,138,121,14,3,81,3,brumbies-reds-gio-stadium-31012020
SHA,23,14,6,5,18,11,11,0,3,0,0,0,48,3,3,5,0,30,10,50.0,2,100,91,31,2,59,1,sharks-bulls-kings-park-stadium-31012020
BUL,15,11,4,10,23,22,11,0,4,1,1,0,48,4,0,7,0,70,5,50.0,0,97,92,35,0,58,6,sharks-bulls-kings-park-stadium-31012020
SUN,36,22,8,8,5,39,9,1,1,0,0,0,45,2,0,8,2,89,12,47.0,6,110,144,18,4,82,0,sunwolves-rebels-level-five-stadium-01022020
REB,27,26,7,15,17,24,2,2,1,0,0,0,54,7,1,1,0,11,12,53.0,4,151,119,13,2,98,2,sunwolves-rebels-level-five-stadium-01022020
CRU,43,32,10,19,21,23,12,1,1,1,0,0,54,4,1,7,0,70,10,52.0,6,138,118,27,5,96,3,crusaders-waratahs-trafalgar-park-01022020
WAR,25,16,8,7,23,30,13,1,2,0,0,0,44,2,0,3,0,30,8,48.0,3,131,159,24,2,79,4,crusaders-waratahs-trafalgar-park-01022020
STO,27,25,19,4,14,8,17,2,1,1,0,0,65,4,2,10,0,59,7,62.0,4,105,85,20,2,97,1,stormers-hurricanes-newlands-01022020
HUR,0,12,5,4,17,21,7,0,0,0,0,0,35,2,1,7,0,41,11,38.0,0,71,145,20,0,53,0,stormers-hurricanes-newlands-01022020
JAG,38,33,11,19,13,12,9,0,1,0,0,0,52,4,1,5,1,44,11,56.0,5,177,129,29,5,96,3,jaguares-lions-estadio-jose-amalfitani-02022020
LIO,8,12,3,6,13,36,5,1,1,1,0,0,48,6,1,5,1,56,7,44.0,1,139,140,22,0,90,0,jaguares-lions-estadio-jose-amalfitani-02022020
HIG,20,14,11,9,20,18,7,2,1,0,0,0,63,0,3,3,0,43,7,59.0,3,113,62,27,1,71,4,highlanders-sharks-forsyth-barr-stadium-07022020
SHA,42,18,7,4,7,23,18,1,3,0,0,0,36,3,1,4,3,57,15,41.0,5,56,97,30,4,41,1,highlanders-sharks-forsyth-barr-stadium-07022020
BRU,39,15,9,8,7,23,2,3,0,0,1,0,35,4,1,6,2,60,9,47.0,6,82,158,18,3,53,3,brumbies-rebels-gio-stadium-07022020
REB,26,19,5,4,12,12,7,1,0,0,0,0,63,2,1,4,1,40,11,53.0,4,135,79,13,3,95,1,brumbies-rebels-gio-stadium-07022020
CHI,25,15,7,7,18,25,9,1,2,1,0,0,46,5,3,5,0,56,10,50.0,3,109,156,15,2,84,5,chiefs-crusaders-fmg-stadium-08022020
CRU,15,27,9,7,17,15,17,1,1,1,0,0,52,6,0,4,0,44,13,50.0,2,145,119,18,1,95,2,chiefs-crusaders-fmg-stadium-08022020
WAR,12,16,8,10,16,23,2,1,0,1,0,0,54,4,2,4,1,27,8,55.0,2,126,120,15,1,93,2,waratahs-blues-mcdonald-jones-stadium-08022020
BLU,32,22,6,4,13,18,10,3,1,1,0,0,46,2,1,8,1,73,9,45.0,5,112,119,25,2,78,0,waratahs-blues-mcdonald-jones-stadium-08022020
LIO,27,21,15,9,18,6,13,2,1,0,0,0,65,10,2,3,2,20,8,61.0,4,127,79,15,2,89,1,lions-reds-emirates-airline-park-08022020
RED,20,16,10,5,15,19,5,0,2,0,0,0,33,1,2,12,0,80,9,39.0,2,77,136,18,2,45,2,lions-reds-emirates-airline-park-08022020
STO,13,8,4,0,14,15,25,2,1,2,0,0,36,2,1,5,0,29,12,44.0,2,70,86,20,0,47,0,stormers-bulls-newlands-08022020
BUL,0,16,3,8,29,14,8,0,0,0,0,0,64,6,1,12,1,71,13,56.0,0,98,84,17,0,84,0,stormers-bulls-newlands-08022020
JAG,23,16,11,3,16,17,12,0,3,1,0,1,51,4,0,4,1,33,7,50.0,2,110,131,30,2,85,1,jaguares-hurricanes-estadio-jose-amalfitani-08022020
HUR,26,19,9,9,12,17,15,0,4,0,0,1,46,0,4,8,0,67,8,50.0,2,158,121,26,2,77,0,jaguares-hurricanes-estadio-jose-amalfitani-08022020
BLU,8,29,7,10,23,15,7,1,1,0,0,0,65,1,5,6,1,46,13,57.0,1,155,88,19,0,113,0,blues-crusaders-eden-park-14022020
CRU,25,13,6,6,18,28,8,1,2,1,0,0,34,5,0,7,0,54,14,43.0,3,98,174,22,2,59,4,blues-crusaders-eden-park-14022020
REB,24,12,6,5,16,13,12,3,3,0,0,0,53,6,0,11,0,55,5,53.0,3,80,105,32,0,73,2,rebels-waratahs-aami-park-14022020
WAR,10,11,1,6,23,12,5,0,1,0,0,0,47,0,2,9,0,45,11,47.0,1,75,115,29,1,65,4,rebels-waratahs-aami-park-14022020
SUN,17,16,6,13,27,30,6,2,0,0,0,0,56,5,2,6,0,67,12,54.0,3,185,113,16,1,91,9,sunwolves-chiefs-prince-chichibu-memorial-stadium-15022020
CHI,43,25,9,5,13,27,11,3,0,0,0,0,43,5,1,3,0,33,10,46.0,7,127,147,24,4,69,2,sunwolves-chiefs-prince-chichibu-memorial-stadium-15022020
HUR,38,10,7,7,19,27,11,0,1,1,0,0,39,5,2,10,1,83,11,51.0,5,109,98,28,5,38,6,hurricanes-sharks-sky-stadium-15022020
SHA,22,21,9,4,27,13,10,1,1,0,0,0,58,2,7,2,0,17,12,49.0,3,77,67,16,2,57,5,hurricanes-sharks-sky-stadium-15022020
BRU,22,10,2,2,15,6,4,1,1,0,0,0,54,9,1,5,0,56,13,50.0,3,86,86,18,2,71,4,brumbies-highlanders-gio-stadium-15022020
HIG,23,7,1,7,17,11,7,0,3,2,0,0,45,5,1,4,0,44,13,50.0,2,74,97,26,2,60,2,brumbies-highlanders-gio-stadium-15022020
LIO,30,26,8,10,20,16,6,2,2,0,0,0,60,4,1,5,2,45,9,55.0,4,137,104,21,2,91,4,lions-stormers-emirates-airline-park-15022020
STO,33,18,7,13,22,38,9,2,3,0,0,0,38,1,1,6,0,55,6,45.0,4,114,134,14,2,58,2,lions-stormers-emirates-airline-park-15022020
JAG,43,19,8,6,17,30,9,1,1,0,0,0,47,14,0,0,0,0,3,49.0,6,121,129,23,4,82,0,jaguares-reds-estadio-jose-amalfitani-15022020
RED,27,31,18,13,17,19,3,2,1,0,0,0,51,0,3,7,0,100,13,51.0,4,142,103,19,2,88,3,jaguares-reds-estadio-jose-amalfitani-15022020
CRU,33,15,13,22,14,9,7,1,0,0,0,0,56,1,0,3,1,30,9,56.0,5,194,138,19,4,104,2,crusaders-highlanders-orangetheory-stadium-21022020
HIG,13,11,7,10,10,25,6,2,1,0,0,0,44,0,1,7,0,70,9,44.0,2,138,137,23,0,82,2,crusaders-highlanders-orangetheory-stadium-21022020
REB,24,18,7,8,20,36,6,0,1,1,0,0,54,3,1,6,0,46,8,53.0,3,123,119,16,3,83,3,rebels-sharks-tbc-22022020
SHA,36,20,7,12,21,17,6,1,1,0,0,0,45,3,2,7,1,54,8,47.0,5,126,122,13,4,69,3,rebels-sharks-tbc-22022020
CHI,14,8,1,4,21,23,5,0,0,0,0,0,51,4,2,7,0,43,7,50.0,2,139,154,14,2,89,4,chiefs-brumbies-fmg-stadium-22022020
BRU,26,9,7,12,13,14,8,1,0,0,0,0,49,4,0,8,1,57,13,50.0,4,152,117,18,3,84,2,chiefs-brumbies-fmg-stadium-22022020
RED,64,24,15,15,19,9,6,3,0,0,0,0,58,5,0,9,0,60,8,60.0,10,197,96,9,7,90,2,reds-sunwolves-suncorp-stadium-22022020
SUN,5,1,3,14,22,30,7,1,0,0,0,0,42,2,1,6,1,40,12,40.0,1,124,134,11,0,65,2,reds-sunwolves-suncorp-stadium-22022020
STO,17,15,3,6,16,19,9,0,1,0,0,0,55,6,1,9,0,47,9,52.0,2,123,107,28,2,81,3,stormers-jaguares-newlands-22022020
JAG,7,12,2,2,17,15,3,0,0,0,0,0,45,4,0,9,0,47,8,48.0,1,113,112,21,1,67,0,stormers-jaguares-newlands-22022020
BUL,21,10,4,6,13,11,3,1,3,0,0,1,45,6,0,7,0,44,11,47.0,2,70,113,15,1,50,2,bulls-blues-loftus-versfeld-22022020
BLU,23,4,2,5,6,9,3,2,2,3,0,0,55,6,0,9,1,56,13,53.0,3,87,82,22,1,62,1,bulls-blues-loftus-versfeld-22022020
HIG,22,22,9,8,18,12,6,1,1,0,0,0,52,1,2,4,0,44,7,48.0,3,117,102,17,2,93,2,highlanders-rebels-forsyth-barr-stadium-28022020
REB,28,15,15,13,17,30,10,0,0,0,0,0,47,4,0,5,0,56,12,52.0,4,133,128,22,4,84,5,highlanders-rebels-forsyth-barr-stadium-28022020
WAR,29,23,15,16,13,18,8,3,0,3,0,0,30,2,0,6,1,60,8,44.0,5,154,170,27,2,47,2,waratahs-lions-bankwest-stadium-28022020
LIO,17,16,5,14,19,26,6,0,1,0,0,0,68,6,0,4,1,40,7,56.0,2,184,81,18,2,106,3,waratahs-lions-bankwest-stadium-28022020
HUR,62,35,20,17,19,11,10,4,0,0,0,0,54,1,0,9,0,60,10,61.0,10,130,65,11,6,51,1,hurricanes-sunwolves-tbc-29022020
SUN,15,11,6,1,22,42,6,1,1,0,0,0,45,3,2,6,1,40,5,39.0,2,75,79,7,1,43,2,hurricanes-sunwolves-tbc-29022020
RED,23,10,5,8,25,14,10,2,2,0,0,0,68,5,2,4,2,37,9,59.0,3,114,66,12,1,81,6,reds-sharks-suncorp-stadium-29022020
SHA,33,11,2,4,26,5,15,2,3,0,0,0,30,3,1,5,2,63,16,41.0,4,90,134,15,2,36,4,reds-sharks-suncorp-stadium-29022020
STO,14,5,4,7,15,30,7,0,0,0,0,0,31,5,0,4,0,36,11,39.0,2,104,166,11,2,47,1,stormers-blues-newlands-29022020
BLU,33,22,7,8,17,8,4,0,4,0,0,0,68,3,1,7,1,64,6,61.0,3,149,86,15,3,103,1,stormers-blues-newlands-29022020
BUL,24,12,8,9,16,23,2,0,1,0,0,0,46,3,2,3,1,43,16,49.0,3,132,111,12,3,78,4,bulls-jaguares-loftus-versfeld-29022020
JAG,39,13,4,1,14,9,9,3,1,0,0,0,54,13,0,4,0,57,8,51.0,6,127,123,21,3,80,2,bulls-jaguares-loftus-versfeld-29022020
