Team,Possession,Territory,Game
Blues,60,60,BluesvChiefs
Chiefs,40,40,BluesvChiefs
Brumbies,48,49,BrumbiesvReds
Reds,52,51,BrumbiesvReds
Sunwolves,50,44,SunwolvesvRebels
Rebels,50,56,SunwolvesvRebels
Crusaders,52,53,CrusadersvWaratahs
Waratahs,48,47,CrusadersvWaratahs
Sharks,49,54,SharksvBulls
Bulls,51,46,SharksvBulls
Stormers,62,67,StormersvHurricanes
Hurricanes,38,33,StormersvHurricanes
Jaguares,50,51,JaguaresvLions
Lions,50,49,JaguaresvLions
Highlanders,58,67,HighlandersvSharks
Sharks,42,33,HighlandersvSharks
Brumbies,42,40,BrumbiesvRebels
Rebels,58,60,BrumbiesvRebels
Chiefs,50,48,ChiefsvCrusaders
Crusaders,50,52,ChiefsvCrusaders
Waratahs,54,54,WaratahsvBlues
Blues,46,46,WaratahsvBlues
Lions,63,70,LionsvReds
Reds,37,30,LionsvReds
Stormers,44,35,StormersvBulls
Bulls,56,65,StormersvBulls
Jaguares,47,47,JaguaresvHurricanes
Hurricanes,53,53,JaguaresvHurricanes
Blues,58,62,BluesvCrusaders
Crusaders,42,38,BluesvCrusaders
Rebels,53,56,RebelsvWaratahs
Waratahs,47,44,RebelsvWaratahs
Sunwolves,58,56,SunwolvesvChiefs
Chiefs,42,44,SunwolvesvChiefs
Hurricanes,56,49,HurricanesvSharks
Sharks,44,51,HurricanesvSharks
Brumbies,53,48,BrumbiesvHighlanders
Highlanders,47,52,BrumbiesvHighlanders
Lions,62,61,LionsvStormers
Stormers,38,39,LionsvStormers
Jaguares,48,51,JaguaresvReds
Reds,52,49,JaguaresvReds
Crusaders,55,50,CrusadersvHighlanders
Highlanders,45,50,CrusadersvHighlanders
Rebels,53,52,RebelsvSharks
Sharks,47,48,RebelsvSharks
Chiefs,51,57,ChiefsvBrumbies
Brumbies,49,43,ChiefsvBrumbies
Reds,62,68,RedsvSunwolves
Sunwolves,38,32,RedsvSunwolves
Stormers,55,56,StormersvJaguares
Jaguares,45,44,StormersvJaguares
Bulls,43,45,BullsvBlues
Blues,57,55,BullsvBlues
Highlanders,52,52,HighlandersvRebels
Rebels,48,48,HighlandersvRebels
Waratahs,39,39,WaratahsvLions
Lions,61,61,WaratahsvLions
Hurricanes,52,52,HurricanesvSunwolves
Sunwolves,48,48,HurricanesvSunwolves
Reds,63,65,RedsvSharks
Sharks,37,35,RedsvSharks
Stormers,37,33,StormersvBlues
Blues,63,67,StormersvBlues
Bulls,52,52,BullsvJaguares
Jaguares,48,48,BullsvJaguares
