Player,Team,Games,Tries,Try Assists,Points,Possessions,Runs,Run Metres,Pick & Drives,Linebreaks,LB Assists,Tackle Busts,Offloads,Passes,Lineout Wins Own,Lineout Wins Opp,Kicks,Kick Metres,Kick Errors
Jed Holloway,Waratahs,4,0,1,0,21,10,53,0,0,1,0,0,14,4,1,0,0,0
Michael Hooper,Waratahs,4,0,2,0,54,29,135,9,2,4,8,3,22,0,0,1,9,0
Karmichael Hunt,Waratahs,4,0,0,0,52,19,166,0,0,3,4,6,35,0,0,5,70,0
Mitch Hunt,Highlanders,4,0,2,5,94,12,57,0,1,5,5,0,50,0,0,23,653,1
Josh Ioane,Highlanders,4,0,1,23,49,17,104,2,1,3,4,2,24,0,0,8,184,0
Mitch Jacobson,Sunwolves,4,0,0,0,24,17,98,1,1,0,2,2,7,2,0,0,0,0
Pieter Jansen,Lions,4,0,0,0,14,10,64,0,1,0,1,0,0,0,0,0,0,0
Elton Jantjies,Lions,4,1,2,30,160,23,195,0,2,2,5,2,97,0,0,36,"1,450",0
Herschel Jantjies,Stormers,4,2,1,10,254,11,111,0,1,0,5,1,213,0,0,26,562,3
Ayden Johnston,Highlanders,4,0,0,0,9,4,6,0,0,0,1,0,2,0,0,0,0,0
Solomone Kata,Brumbies,4,2,1,10,26,15,138,0,2,2,8,2,8,0,0,0,0,0
Du'Plessis Kirifi,Hurricanes,4,0,0,0,35,15,83,1,0,1,3,0,14,0,0,0,0,0
Gideon Koegelenberg,Rebels,4,0,0,0,19,14,48,2,0,0,1,0,8,4,0,0,0,0
Johnny Kotze,Bulls,4,0,0,0,34,21,204,0,4,1,9,0,11,0,0,1,15,0
Daniel Kriel,Lions,4,1,0,5,46,27,178,0,0,2,4,2,20,0,0,1,27,0
Juandre Kruger,Bulls,4,0,0,0,22,11,50,1,1,0,0,0,19,19,0,1,36,0
Tevita Kuridrani,Brumbies,4,0,0,0,30,25,176,0,0,0,2,2,5,0,0,2,59,0
Ben Lam,Hurricanes,4,3,0,15,31,20,294,0,4,2,6,4,6,0,0,2,11,1
Ngani Laumape,Hurricanes,4,2,1,10,57,23,298,0,5,3,9,3,23,0,0,5,113,0
James Lentjes,Highlanders,4,0,0,0,22,11,39,2,0,0,0,1,7,2,0,0,0,0
Hyron Andrews,Sharks,5,0,0,0,19,5,30,0,1,0,0,0,23,10,3,0,0,0
Emiliano Boffelli,Jaguares,5,3,2,15,70,34,372,1,8,1,13,4,25,0,0,5,240,0
Rodrigo Bruni,Jaguares,5,2,0,10,53,34,186,1,2,1,5,2,17,0,0,1,30,0
Craig Burden,Sharks,5,0,0,0,12,4,13,1,0,0,1,1,6,0,0,0,0,0
Jock Campbell,Reds,5,1,2,32,54,25,292,0,4,3,9,2,19,0,0,9,252,1
Angus Cottrell,Rebels,5,2,0,10,30,21,117,2,2,0,7,2,12,4,1,0,0,0
Pieter-Steph du Toit,Stormers,5,0,0,0,37,30,136,5,0,0,4,1,14,14,0,0,0,0
Matt Duffie,Blues,5,0,1,0,44,24,189,1,1,0,4,2,13,0,0,4,59,1
Kurt Eklund,Blues,5,0,0,0,27,20,98,1,0,0,5,1,7,0,0,0,0,0
Andre Esterhuizen,Sharks,5,1,1,5,50,22,165,0,1,3,6,3,21,0,0,7,205,0
TJ Faiane,Blues,5,0,3,0,68,30,175,1,2,2,6,3,34,0,0,4,76,0
Aphelele Fassi,Sharks,5,2,2,10,82,35,400,0,5,0,20,2,16,0,0,22,743,0
Richard Hardwick,Rebels,5,0,1,0,39,22,122,0,1,1,6,6,18,0,0,0,0,0
Dane Haylett-Petty,Rebels,5,2,2,10,90,42,411,0,3,3,13,3,19,0,0,19,774,1
Ross Haylett-Petty,Rebels,5,0,0,0,15,9,36,2,0,0,0,0,12,11,1,0,0,0
Andrew Kellaway,Rebels,5,5,0,25,47,27,292,0,6,0,5,3,11,0,0,5,138,1
Steven Kitshoff,Stormers,5,1,0,5,45,36,166,1,3,0,7,0,4,0,0,0,0,0
Marika Koroibete,Rebels,5,2,0,10,51,29,268,2,4,1,9,9,26,0,0,1,37,0
Marcos Kremer,Jaguares,5,1,0,5,59,48,210,2,1,1,4,1,7,2,0,0,0,0
Rob Leota,Rebels,5,0,0,0,16,9,39,2,0,0,2,0,8,2,0,0,0,0
Dillyn Leyds,Stormers,5,0,0,0,84,27,268,1,1,2,7,2,44,0,0,8,357,0
Tomas Lezana,Jaguares,5,0,0,0,36,20,100,1,0,0,4,0,18,3,1,2,29,0
Wilco Louw,Stormers,5,0,0,0,5,4,18,0,0,0,1,0,1,0,0,0,0,0
Isaac Lucas,Reds,5,1,2,5,61,15,100,0,2,2,4,2,43,0,0,6,225,0
Alex Mafi,Reds,5,0,0,0,43,22,167,1,2,0,3,0,17,0,0,0,0,0
Sione Mafileo,Blues,5,0,0,0,14,12,43,1,0,0,1,0,2,0,0,0,0,0
Frans Malherbe,Stormers,5,0,0,0,9,6,21,0,0,0,0,0,1,0,0,0,0,0
Joe Marchant,Blues,5,3,1,15,49,24,242,1,3,2,14,2,17,0,0,3,73,0
Godlen Masimla,Stormers,5,1,0,5,72,4,19,0,0,0,2,2,62,0,0,5,101,1
Tate McDermott,Reds,5,5,4,25,306,20,115,0,3,6,7,2,270,0,0,12,258,1
Bill Meakes,Rebels,5,1,1,5,66,32,236,0,2,1,11,1,28,0,0,2,53,0
John-Hubert Meyer,Sharks,5,0,0,0,5,3,13,0,0,1,0,0,2,0,0,0,0,0
Domingo Miotti,Jaguares,5,1,3,44,163,16,83,0,1,8,7,0,90,0,0,45,"1,500",0
Salmaan Moerat,Stormers,5,0,0,0,14,11,25,1,0,0,0,1,11,12,0,0,0,0
Julian Montoya,Jaguares,5,3,0,15,28,11,45,0,0,0,2,1,10,0,0,0,0,0
Matias Moroni,Jaguares,5,3,0,15,41,22,213,1,3,2,8,5,12,0,0,4,63,0
Isireli Naisarani,Rebels,5,1,0,5,78,65,382,9,3,1,16,4,16,2,0,0,0,0
Ox Nche,Sharks,5,0,0,0,23,14,62,2,0,1,1,1,8,0,0,0,0,0
Ruhan Nel,Stormers,5,2,0,10,41,26,220,0,4,1,8,4,14,0,0,2,70,0
Sam Nock,Blues,5,0,0,0,159,3,14,1,0,0,1,2,152,0,0,4,122,0
Sanele Nohamba,Sharks,5,1,0,10,104,8,79,0,2,1,2,1,80,0,0,12,237,1
Sikhumbuzo Notshe,Sharks,5,0,1,0,50,38,254,4,4,2,15,3,15,3,0,0,0,0
Scarra Ntubeni,Stormers,5,1,0,5,23,12,50,0,0,0,0,0,9,0,0,0,0,0
James O'Connor,Reds,5,1,2,5,140,36,280,0,3,7,15,5,83,0,0,24,894,2
Cameron Orr,Rebels,5,0,0,0,15,10,48,1,0,0,1,0,3,0,0,0,0,0
Hunter Paisami,Reds,5,1,0,5,58,40,320,0,4,1,14,7,15,0,0,3,85,0
Dalton Papali'i,Blues,5,1,0,5,29,18,120,1,2,0,6,4,13,6,0,0,0,0
Lucas Paulos Adler,Jaguares,5,0,0,0,27,17,72,2,0,0,0,0,5,6,0,0,0,0
Stephen Perofeta,Blues,5,1,3,16,150,38,239,1,4,5,14,2,87,0,0,25,860,2
Sergeal Petersen,Stormers,5,3,1,15,42,20,212,0,5,1,4,1,14,0,0,5,57,1
Guido Petti,Jaguares,5,1,0,5,46,30,162,4,1,0,7,0,25,32,5,0,0,0
Matt Philip,Rebels,5,0,0,0,59,44,193,1,1,0,2,4,30,24,5,1,23,0
Harry Plummer,Blues,5,0,0,8,39,8,49,0,0,1,3,0,18,0,0,9,231,2
Anaru Rangi,Rebels,5,3,0,15,41,28,112,2,3,0,4,0,6,0,0,0,0,0
Jamie Roberts,Stormers,5,0,0,0,57,38,212,0,0,2,8,5,17,0,0,1,58,0
Tom Robinson,Blues,5,1,0,5,47,38,185,4,1,0,5,1,17,14,2,0,0,0
Izack Rodda,Reds,5,0,0,0,35,19,83,0,0,0,1,1,25,11,1,0,0,0
Le Roux Roets,Sharks,5,0,0,0,12,10,38,2,0,0,1,1,3,2,0,0,0,0
Jonathan Ruru,Blues,5,0,1,0,251,13,37,2,0,2,3,3,213,0,0,20,440,2
Lukhan Salakaia-Loto,Reds,5,1,0,5,33,22,111,0,3,1,2,4,20,10,2,0,0,0
Louis Schreuder,Sharks,5,0,1,0,193,1,13,0,0,3,0,0,171,0,0,19,396,1
Joel Sclavi,Jaguares,5,0,0,0,14,12,50,0,0,0,0,0,2,0,0,0,0,0
Seabelo Senatla,Stormers,5,1,0,5,39,18,170,0,2,3,4,2,14,0,0,7,123,2
Jean-Pierre Smith,Reds,5,0,0,0,26,20,75,1,0,0,0,0,5,0,0,0,0,0
Hoskins Sotutu,Blues,5,0,1,0,72,44,368,8,4,1,17,6,26,2,1,2,41,0
Henry Speight,Reds,5,2,3,10,51,33,360,0,6,2,9,5,14,0,0,2,51,0
Hamish Stewart,Reds,5,1,0,5,50,19,187,0,2,2,0,1,22,0,0,4,155,0
Mark Telea,Blues,5,4,0,20,53,39,456,2,2,0,28,2,8,0,0,0,0,0
Karl Tu'inukuafe,Blues,5,1,0,5,33,24,102,3,1,0,3,1,8,0,0,0,0,0
Patrick Tuipulotu,Blues,5,1,0,5,36,28,124,1,1,0,7,1,12,9,0,0,0,0
Taniela Tupou,Reds,5,1,1,5,25,16,104,3,3,1,2,1,6,0,0,0,0,0
Ofa Tu'ungafasi,Blues,5,0,0,0,26,22,89,3,0,0,4,0,4,0,0,0,0,0
Ruben Van Heerden,Sharks,5,0,0,0,37,25,110,1,0,0,4,1,16,12,0,0,0,0
Ernst Van Rhyn,Stormers,5,0,0,0,15,10,66,0,1,0,2,0,4,1,0,0,0,0
Kerron van Vuuren,Sharks,5,1,1,5,21,12,38,1,1,0,2,2,9,0,0,0,0,0
Christopher Van Zyl,Stormers,5,0,0,0,16,15,62,1,0,0,0,1,6,8,1,0,0,0
Mayco Vivas,Jaguares,5,0,0,0,19,12,46,0,0,0,1,0,6,0,0,0,0,0
Michael Wells,Rebels,5,0,0,0,23,15,103,1,1,0,1,0,6,0,0,0,0,0
Damian Willemse,Stormers,5,1,2,37,126,29,304,0,1,3,14,2,57,0,0,33,"1,058",1
Harry Wilson,Reds,5,1,0,5,85,53,294,4,2,2,8,7,37,2,0,2,11,1
Liam Wright,Reds,5,2,0,10,38,21,93,1,0,1,2,3,15,1,0,0,0,0
Robbie Abel,Waratahs,4,0,0,0,34,16,47,5,0,0,0,2,15,0,0,0,0,0
Naitoa Ah Kuoi,Chiefs,4,0,0,0,12,9,30,2,0,0,2,1,4,1,1,0,0,0
Jermaine Ainsley,Rebels,4,0,0,0,16,10,40,1,0,0,1,0,4,0,0,0,0,0
Allan Ala'alatoa,Brumbies,4,0,2,0,41,23,86,1,1,2,1,1,16,0,0,0,0,0
Lukhanyo Am,Sharks,4,1,1,5,32,13,109,0,0,0,6,2,16,0,0,2,70,0
Vince Aso,Hurricanes,4,1,3,5,38,13,124,1,3,4,5,5,22,0,0,2,122,0
Juarno Augustus,Stormers,4,2,1,10,23,15,82,2,3,0,7,1,9,0,0,0,0,0
Asafo Aumua,Hurricanes,4,0,1,0,13,10,125,1,1,1,7,2,3,0,0,0,0,0
Tom Banks,Brumbies,4,3,1,15,57,34,314,0,5,2,5,2,12,0,0,3,95,0
Kurtley Beale,Waratahs,4,0,2,0,104,25,275,0,2,5,5,3,57,0,0,21,868,0
Angus Bell,Waratahs,4,1,0,5,23,14,103,0,3,0,3,0,5,0,0,0,0,0
Te Ariki Ben-Nicholas,Highlanders,4,1,0,5,18,12,40,0,1,0,4,0,6,4,0,0,0,0
Angus Blyth,Reds,4,0,0,0,21,11,63,0,1,0,0,0,14,6,1,0,0,0
Curwin Bosch,Sharks,4,1,2,59,96,12,84,0,0,1,3,1,46,0,0,38,"1,203",1
George Bower,Crusaders,4,0,0,0,13,9,32,0,0,0,2,0,5,0,0,0,0,0
Jaba Bregvadze,Sunwolves,4,2,0,10,25,14,43,0,0,0,0,1,8,0,0,1,29,0
Mitchell Brown,Chiefs,4,0,0,0,18,12,42,0,0,0,0,0,12,12,2,1,13,0
Brett Cameron,Crusaders,4,0,0,0,25,3,21,0,0,0,0,1,16,0,0,4,131,1
Jan-Henning Campher,Lions,4,0,0,0,14,8,65,0,2,0,0,1,4,0,0,0,0,0
Santiago Chocobares,Jaguares,4,0,0,0,10,5,25,0,0,0,3,0,2,0,0,0,0,0
Thomas Christie,Crusaders,4,1,0,5,38,19,92,1,1,1,2,0,15,1,0,0,0,0
Jaco Coetzee,Stormers,4,0,0,0,35,25,172,3,1,2,13,4,8,1,0,0,0,0
Mike Collins,Highlanders,4,2,0,10,40,26,214,0,1,0,6,5,12,0,0,7,106,1
Liam Coltman,Highlanders,4,0,0,0,15,13,51,1,0,0,1,1,1,0,0,0,0,0
Tomas Cubelli,Jaguares,4,1,0,5,223,10,74,0,2,1,4,1,192,0,0,16,442,1
James Dargaville,Sunwolves,4,1,1,5,41,26,307,0,1,2,7,1,9,0,0,4,125,0
Jack Dempsey,Waratahs,4,1,0,5,42,27,142,4,1,1,7,2,19,8,0,1,18,0
Ash Dixon,Highlanders,4,0,0,0,27,20,53,1,0,0,1,0,6,0,0,0,0,0
Murray Douglas,Brumbies,4,0,0,0,22,17,47,1,0,0,0,2,17,18,0,0,0,0
Mitchell Drummond,Crusaders,4,0,1,2,149,4,18,0,0,0,1,5,131,0,0,12,255,0
Jean-Luc du Plessis,Stormers,4,0,0,2,25,5,41,0,0,1,1,1,15,0,0,4,99,0
Johan du Toit,Stormers,4,0,1,0,12,12,50,1,0,1,2,1,4,4,0,0,0,0
Thomas du Toit,Sharks,4,0,0,0,16,9,61,0,0,0,0,0,5,0,0,0,0,0
Mitchell Dunshea,Crusaders,4,0,0,0,29,19,170,0,2,0,4,1,13,11,0,0,0,0
JJ Engelbrecht,Sunwolves,4,0,0,0,21,9,76,0,1,0,3,2,10,0,0,2,28,0
Braydon Ennor,Crusaders,4,3,1,15,36,14,178,0,4,3,7,1,13,0,0,4,44,1
Gareth Evans,Hurricanes,4,1,0,5,47,20,132,0,1,1,3,2,31,5,1,1,2,0
Tetera Faulkner,Waratahs,4,1,0,5,12,9,31,0,1,0,3,0,1,0,0,0,0,0
Andries Ferreira,Bulls,4,0,0,0,21,18,61,0,0,0,0,0,3,3,0,0,0,0
Siosaia Fifita,Sunwolves,4,2,0,10,38,26,282,1,6,0,10,2,8,0,0,1,28,0
Vaea Fifita,Hurricanes,4,0,0,0,19,14,94,1,1,2,3,4,15,5,3,1,26,0
Damien Fitzpatrick,Waratahs,4,0,0,0,12,6,17,1,1,0,0,0,4,0,0,0,0,0
Devan Flanders,Hurricanes,4,0,0,0,7,4,45,0,1,0,2,0,3,1,0,0,0,0
Lalakai Foketi,Waratahs,4,1,0,5,24,12,125,0,2,0,6,0,7,0,0,2,31,0
Warrick Gelant,Bulls,4,1,1,5,71,20,139,0,1,5,5,5,30,0,0,13,615,0
Matt Gibbon,Rebels,4,0,0,0,21,14,39,1,0,0,1,0,5,0,0,0,0,0
Blake Gibson,Blues,4,1,0,5,15,7,40,0,1,0,3,0,7,4,0,0,0,0
Jack Goodhue,Crusaders,4,1,2,5,59,27,194,0,1,4,11,8,33,0,0,3,53,0
Jake Gordon,Waratahs,4,0,1,0,203,12,85,0,1,1,6,1,172,0,0,16,434,0
Francisco Gorrissen,Jaguares,4,0,0,0,27,20,87,1,0,1,0,0,11,8,1,0,0,0
Lizo Gqoboka,Bulls,4,0,0,0,13,11,56,0,0,0,1,0,0,0,0,0,0,0
Cullen Grace,Crusaders,4,0,0,0,23,15,100,0,1,0,1,3,19,16,3,0,0,0
Tyrone Green,Lions,4,2,0,10,45,30,302,1,4,1,13,4,16,0,0,1,41,0
Bryn Hall,Crusaders,4,0,2,4,196,4,12,0,0,3,0,0,174,0,0,17,398,0
Will Harrison,Waratahs,4,0,1,21,100,18,156,0,2,1,8,2,54,0,0,29,797,2
David Havili,Crusaders,4,0,2,30,94,39,355,2,4,6,21,13,47,0,0,14,308,2
Bryce Hegarty,Reds,4,1,0,26,35,10,54,0,1,0,2,2,12,0,0,11,364,0
Cornal Hendricks,Bulls,4,1,0,5,27,17,149,0,2,0,8,1,6,0,0,1,12,0
Wiehahn Herbst,Bulls,4,0,0,0,9,7,20,0,0,0,0,0,1,0,0,0,0,0
Jed Holloway,Waratahs,4,0,1,0,21,10,53,0,0,1,0,0,14,4,1,0,0,0
Michael Hooper,Waratahs,4,0,2,0,54,29,135,9,2,4,8,3,22,0,0,1,9,0
Karmichael Hunt,Waratahs,4,0,0,0,52,19,166,0,0,3,4,6,35,0,0,5,70,0
Mitch Hunt,Highlanders,4,0,2,5,94,12,57,0,1,5,5,0,50,0,0,23,653,1
Josh Ioane,Highlanders,4,0,1,23,49,17,104,2,1,3,4,2,24,0,0,8,184,0
Mitch Jacobson,Sunwolves,4,0,0,0,24,17,98,1,1,0,2,2,7,2,0,0,0,0
Pieter Jansen,Lions,4,0,0,0,14,10,64,0,1,0,1,0,0,0,0,0,0,0
Elton Jantjies,Lions,4,1,2,30,160,23,195,0,2,2,5,2,97,0,0,36,"1,450",0
Herschel Jantjies,Stormers,4,2,1,10,254,11,111,0,1,0,5,1,213,0,0,26,562,3
Ayden Johnston,Highlanders,4,0,0,0,9,4,6,0,0,0,1,0,2,0,0,0,0,0
Solomone Kata,Brumbies,4,2,1,10,26,15,138,0,2,2,8,2,8,0,0,0,0,0
Du'Plessis Kirifi,Hurricanes,4,0,0,0,35,15,83,1,0,1,3,0,14,0,0,0,0,0
Gideon Koegelenberg,Rebels,4,0,0,0,19,14,48,2,0,0,1,0,8,4,0,0,0,0
Johnny Kotze,Bulls,4,0,0,0,34,21,204,0,4,1,9,0,11,0,0,1,15,0
Daniel Kriel,Lions,4,1,0,5,46,27,178,0,0,2,4,2,20,0,0,1,27,0
Juandre Kruger,Bulls,4,0,0,0,22,11,50,1,1,0,0,0,19,19,0,1,36,0
Tevita Kuridrani,Brumbies,4,0,0,0,30,25,176,0,0,0,2,2,5,0,0,2,59,0
Ben Lam,Hurricanes,4,3,0,15,31,20,294,0,4,2,6,4,6,0,0,2,11,1
Ngani Laumape,Hurricanes,4,2,1,10,57,23,298,0,5,3,9,3,23,0,0,5,113,0
James Lentjes,Highlanders,4,0,0,0,22,11,39,2,0,0,0,1,7,2,0,0,0,0
Daniel Lienert-Brown,Highlanders,4,0,0,0,4,2,5,1,0,0,0,0,0,0,0,0,0,0
Noah Lolesio,Brumbies,4,0,3,24,101,21,118,0,0,3,9,4,50,0,0,23,667,2
Frank Lomani,Rebels,4,1,0,9,127,10,74,0,1,0,1,0,109,0,0,3,30,2
Tyrel Lomax,Hurricanes,4,0,0,0,12,9,40,1,0,0,2,0,2,0,0,0,0,0
Ryan Lonergan,Brumbies,4,0,0,5,64,1,7,0,0,0,0,0,52,0,0,9,277,0
Ryan Louwrens,Rebels,4,0,1,0,268,16,107,1,1,2,3,3,236,0,0,15,340,1
Jack Maddocks,Waratahs,4,0,1,0,35,12,108,0,4,2,2,3,12,0,0,9,476,0
Andrew Makalio,Crusaders,4,0,0,0,14,11,54,0,0,0,0,1,4,0,0,0,0,0
Juan Cruz Mallia,Jaguares,4,0,0,0,48,18,94,0,0,1,2,0,28,0,0,3,26,2
Makazole Mapimpi,Sharks,4,4,1,20,22,14,238,0,3,0,10,0,4,0,0,3,85,0
Len Massyn,Lions,4,0,1,0,26,21,184,1,0,1,3,2,10,9,0,1,35,0
Ryan McCauley,Waratahs,4,0,0,0,3,1,3,0,0,0,0,0,5,4,0,0,0,0
Connal McInerney,Brumbies,4,0,0,0,23,16,51,0,0,0,4,0,7,0,0,0,0,0
Josh McKay,Highlanders,4,1,0,5,37,19,117,1,3,0,4,0,10,0,0,5,122,1
Santiago Medrano,Jaguares,4,0,0,0,9,8,22,0,0,0,0,0,1,0,0,0,0,0
Marino Mikaele Tu'u,Highlanders,4,0,0,0,41,27,272,0,4,0,8,2,20,10,1,0,0,0
Will Miller,Brumbies,4,0,0,0,22,7,31,0,0,0,1,0,10,0,0,0,0,0
Steven Misa,Rebels,4,0,0,0,21,17,57,1,0,0,4,1,4,0,0,1,20,0
Atunaisa Moli,Chiefs,4,0,0,0,20,17,64,2,0,0,3,1,4,0,0,0,0,0
Keisuke Moriya,Sunwolves,4,1,2,5,43,7,30,0,1,2,1,0,25,0,0,9,232,1
Andrew Muirhead,Brumbies,4,0,0,0,21,13,72,0,0,0,1,0,5,0,0,0,0,0
Shogo Nakano,Sunwolves,4,1,0,5,19,9,109,1,1,0,4,1,8,0,0,1,16,0
Alex Nankivell,Chiefs,4,0,0,0,46,25,161,0,0,1,5,0,17,0,0,2,71,1
Emoni Narawa,Blues,4,0,0,0,15,8,59,0,1,0,1,0,5,0,0,1,26,0
Jona Nareki,Highlanders,4,3,1,15,57,30,266,0,5,2,15,3,11,0,0,7,342,0
Mark Nawaqanitawase,Waratahs,4,3,0,15,47,25,199,0,5,1,7,5,13,0,0,4,111,0
Cadeyrn Neville,Brumbies,4,0,0,0,17,11,31,2,0,0,1,1,9,17,0,0,0,0
Alex Newsome,Waratahs,4,1,0,5,33,18,165,0,2,0,4,2,11,0,0,2,73,0
Ruan Nortje,Bulls,4,0,0,0,12,9,29,0,0,0,0,0,2,6,0,0,0,0
Trevor Nyakane,Bulls,4,0,0,0,7,6,25,0,0,0,0,0,1,0,0,0,0,0
Marvin Orie,Lions,4,0,0,0,31,20,68,0,0,0,1,0,24,23,3,0,0,0
Embrose Papier,Bulls,4,0,1,0,98,6,49,0,1,1,2,1,82,0,0,9,220,2
Jesse Parete,Highlanders,4,0,1,0,47,38,100,4,1,1,4,5,14,3,0,0,0,0
Tyler Paul,Sharks,4,1,0,5,38,23,98,0,1,0,4,1,11,3,2,0,0,0
TJ Perenara,Hurricanes,4,1,1,5,202,8,57,0,2,2,2,1,170,0,0,18,429,1
Joe Powell,Brumbies,4,0,0,0,233,6,42,0,0,0,1,0,203,0,0,16,417,1
Manuel Rass,Lions,4,0,0,0,48,15,88,1,0,2,3,3,27,0,0,6,163,1
Sevu Reece,Crusaders,4,2,0,10,53,28,234,0,4,0,10,6,18,0,0,4,119,0
Tom Robertson,Waratahs,4,0,0,0,12,7,22,2,0,0,2,1,4,0,0,0,0,0
Luke Romano,Crusaders,4,1,0,5,27,20,84,4,1,0,2,0,8,3,1,0,0,0
Aiden Ross,Chiefs,4,1,0,5,19,14,41,3,1,0,5,0,3,0,0,0,0,0
Jeandre Rudolph,Bulls,4,1,0,5,28,21,102,4,1,1,4,0,4,0,0,1,27,0
Carlu Sadie,Lions,4,0,0,0,21,18,90,0,0,0,2,0,3,0,0,0,0,0
Naoto Saito,Sunwolves,4,0,1,0,171,1,12,0,0,1,0,0,159,0,0,5,145,0
Peter Samu,Brumbies,4,2,0,10,29,19,182,3,4,0,12,1,14,6,0,0,0,0
Tom Sanders,Crusaders,4,0,0,0,54,40,194,2,1,0,9,1,14,3,1,0,0,0
Jake Schatz,Sunwolves,4,0,0,0,43,25,125,1,0,0,0,1,19,3,0,0,0,0
Juan Schoeman,Sharks,4,0,0,0,2,1,5,0,0,0,0,1,1,0,0,0,0,0
Marnus Schoeman,Lions,4,3,0,15,61,31,117,3,1,0,8,1,21,1,0,0,0,0
Ruben Schoeman,Lions,4,0,0,0,46,38,151,2,0,1,1,2,8,8,0,0,0,0
Angus Scott-Young,Reds,4,0,0,0,30,23,97,1,0,1,3,2,15,11,0,0,0,0
Rob Simmons,Waratahs,4,0,0,0,23,15,52,5,0,0,2,0,19,17,1,0,0,0
Scott Sio,Brumbies,4,0,0,0,7,5,15,0,0,0,0,0,1,0,0,0,0,0
Sithembiso Sithole,Lions,4,0,0,0,11,5,12,0,0,0,0,1,6,0,0,0,0,0
Bradley Slater,Chiefs,4,0,0,0,11,6,20,1,0,0,0,0,3,0,0,0,0,0
James Slipper,Brumbies,4,0,1,0,35,27,91,3,0,1,1,1,8,0,0,0,0,0
Aaron Smith,Highlanders,4,1,0,5,273,16,99,0,1,2,2,0,222,0,0,30,627,2
Dylan Smith,Lions,4,0,0,0,22,19,64,1,0,0,0,1,3,0,0,0,0,0
Fletcher Smith,Hurricanes,4,0,0,12,32,6,56,0,1,3,2,2,22,0,0,5,204,0
Chad Solomon,Stormers,4,0,0,0,5,4,38,0,1,0,1,0,0,0,0,0,0,0
Rosko Specman,Bulls,4,0,0,0,43,20,256,0,4,1,8,6,20,0,0,5,180,0
Tom Staniforth,Waratahs,4,0,0,0,38,25,104,4,0,0,4,2,14,5,0,0,0,0
Morne Steyn,Bulls,4,1,1,38,108,6,28,0,1,3,0,1,66,0,0,33,"1,144",0
Michael Stolberg,Sunwolves,4,1,0,5,27,19,137,1,2,1,4,1,24,23,2,0,0,0
Joshua Strauss,Bulls,4,0,0,0,31,23,108,1,0,1,1,4,12,1,0,0,0,0
Lachlan Swinton,Waratahs,4,1,0,5,33,23,115,1,1,0,2,0,12,8,0,0,0,0
Te Toiroa Tahuriorangi,Chiefs,4,1,3,5,172,8,40,0,1,4,3,3,155,0,0,11,311,1
Madosh Tambwe,Sharks,4,3,1,15,29,14,185,0,1,0,5,0,9,0,0,1,36,0
Samisoni Taukei'aho,Chiefs,4,2,0,10,41,33,98,9,1,0,6,0,5,0,0,0,0,0
Codie Taylor,Crusaders,4,1,0,5,28,15,82,0,2,1,4,1,10,0,0,0,0,0
Nahuel Tetaz Chaparro,Jaguares,4,0,0,0,8,8,30,0,0,0,2,0,0,0,0,0,0,0
Siate Tokolahi,Highlanders,4,0,0,0,17,14,53,0,0,1,2,1,4,0,0,0,0,0
Matt To'omua,Rebels,4,0,1,24,102,13,91,0,0,4,1,3,52,0,0,32,"1,031",1
Vincent Tshituka,Lions,4,0,0,0,37,28,119,0,0,0,2,0,7,2,0,0,0,0
Quinn Tupaea,Chiefs,4,1,0,5,30,21,215,0,3,0,14,1,6,0,0,1,51,0
Rob Valetini,Brumbies,4,0,0,0,34,29,176,2,0,0,10,2,8,0,0,0,0,0
Morne van den Berg,Lions,4,0,1,0,167,12,51,0,0,1,5,3,147,0,0,5,64,2
Wilhelm van der Sluys,Lions,4,0,0,0,9,7,27,0,0,0,0,0,4,4,0,0,0,0
Conraad Van Vuuren,Sunwolves,4,0,0,0,15,14,30,2,0,0,2,0,1,0,0,0,0,0
Hencus van Wyk,Sunwolves,4,0,0,0,12,9,28,1,0,0,1,0,1,0,0,0,0,0
Ivan van Zyl,Bulls,4,0,0,0,165,2,13,0,0,0,0,0,151,0,0,7,187,0
Henco Venter,Sharks,4,0,0,0,12,9,58,2,0,0,0,0,4,2,0,0,0,0
James Venter,Sharks,4,1,0,5,28,18,140,1,1,0,4,0,9,1,0,0,0,0
Alistair Vermaak,Stormers,4,0,0,0,1,1,7,0,0,0,1,0,0,0,0,0,0,0
Jaco Visagie,Bulls,4,0,1,0,10,5,33,0,1,0,0,1,5,0,0,0,0,0
Jeremy Ward,Sharks,4,0,0,0,12,7,41,0,0,1,1,3,7,0,0,0,0,0
Kotaro Yatabe,Sunwolves,4,0,0,0,20,17,42,1,0,0,2,0,5,5,0,0,0,0
Jarred Adams,Sunwolves,3,0,1,0,15,10,69,0,2,1,3,1,3,0,0,0,0,0
Michael Ala'alatoa,Crusaders,3,0,1,0,23,16,64,0,0,1,4,0,6,0,0,0,0,0
Solomon Alaimalo,Chiefs,3,3,0,15,23,19,203,2,2,0,8,4,6,0,0,1,35,0
Garth April,Sunwolves,3,2,0,23,110,20,190,0,2,1,4,6,73,0,0,20,629,2
Tyler Ardron,Chiefs,3,0,0,0,19,14,48,2,0,0,1,0,12,12,1,0,0,0
Fraser Armstrong,Hurricanes,3,0,0,0,7,5,12,0,0,0,0,0,1,0,0,0,0,0
Jordie Barrett,Hurricanes,3,0,1,25,54,16,115,0,1,2,1,2,13,0,0,20,769,0
Scott Barrett,Crusaders,3,0,1,0,32,20,95,0,0,1,2,0,13,5,0,0,0,0
Gonzalo Bertranou,Jaguares,3,0,0,0,124,6,6,0,0,0,1,1,106,0,0,7,108,2
James Blackwell,Hurricanes,3,0,0,0,19,8,31,0,1,0,1,0,10,5,0,0,0,0
Jamie Booth,Hurricanes,3,1,0,5,44,4,71,0,0,0,1,0,35,0,0,6,80,2
Lachlan Boshier,Chiefs,3,1,0,5,29,18,120,1,0,0,3,0,11,3,0,0,0,0
George Bridge,Crusaders,3,2,1,10,46,32,239,0,3,2,5,3,12,0,0,2,21,0
Sebastian  Cancelliere,Jaguares,3,0,0,0,22,15,170,0,1,0,4,5,8,0,0,1,8,0
Sam Cane,Chiefs,3,0,0,0,28,17,74,0,0,0,1,1,13,2,0,0,0,0
Santiago Carreras,Jaguares,3,0,1,0,51,24,242,0,4,1,8,4,21,0,0,7,278,0
Andries Coetzee,Lions,3,1,0,7,62,24,185,0,2,0,11,2,24,0,0,9,427,0
Aaron Cruden,Chiefs,3,1,0,27,60,16,99,0,1,2,6,2,31,0,0,14,395,0
Hacjivah Dayimani,Lions,3,0,1,0,12,8,67,0,2,0,3,2,5,1,0,1,0,0
Bautista Delguy,Jaguares,3,0,0,0,31,22,169,1,2,0,6,1,6,0,0,1,28,0
Josh Dickson,Highlanders,3,0,0,0,16,13,47,0,0,0,0,0,19,18,1,0,0,0
Justin Downey,Sunwolves,3,0,0,0,21,18,72,5,0,0,2,0,2,0,0,0,0,0
Jannie du Plessis,Lions,3,0,0,0,12,10,26,4,0,0,0,2,3,0,0,0,0,0
Cabous Eloff,Rebels,3,0,0,0,12,9,26,0,0,0,1,0,2,0,0,0,0,0
Chris Eves,Sunwolves,3,0,0,0,18,13,33,2,0,1,1,2,6,0,0,0,0,0
Folau Fainga'a,Brumbies,3,5,0,25,23,15,54,0,2,0,4,1,5,0,0,0,0,0
Leicester Fainga'anuku,Crusaders,3,1,0,5,20,16,146,3,0,0,6,4,6,0,0,1,22,0
Chris Feauai-Sautia,Reds,3,2,0,10,25,20,173,0,1,0,6,2,5,0,0,1,21,0
Alex Fidow,Hurricanes,3,1,0,5,13,11,67,1,1,1,1,2,3,0,0,0,0,0
Shannon Frizell,Highlanders,3,0,0,0,19,14,88,3,1,0,5,4,6,0,0,0,0,0
Jackson Garden-Bachop,Hurricanes,3,0,1,2,66,9,83,0,0,1,0,1,37,0,0,21,742,0
Ross Geldenhuys,Chiefs,3,0,0,0,4,3,9,0,0,0,1,0,1,0,0,0,0,0
Josh Goodhue,Blues,3,0,0,0,16,11,35,0,0,0,0,0,7,3,0,0,0,0
Wes Goosen,Hurricanes,3,1,0,5,33,22,203,0,3,0,9,0,4,0,0,1,45,0
Kayne Hammington,Highlanders,3,0,0,0,61,3,3,0,0,0,0,0,54,0,0,2,53,0
Harry Hockings,Reds,3,0,0,0,25,13,55,0,0,0,0,1,18,7,3,0,0,0
Reece Hodge,Rebels,3,0,0,2,13,8,36,0,0,1,0,0,2,0,0,2,81,0
Dillon Hunt,Highlanders,3,1,0,5,7,6,15,0,1,0,3,0,1,0,0,0,0,0
Oliver Jager,Crusaders,3,0,0,0,6,5,25,0,0,0,0,0,1,0,0,0,0,0
Harry Johnson-Holmes,Waratahs,3,1,0,5,14,10,30,5,1,0,5,0,4,0,0,0,0,0
Will Jordan,Crusaders,3,2,0,10,54,24,212,2,3,2,6,2,20,0,0,10,257,1
Mitch Karpik,Chiefs,3,0,0,0,26,12,38,3,0,0,1,0,13,4,0,1,9,0
Tony Lamborn,Blues,3,1,0,5,12,7,59,3,1,0,1,0,3,0,0,1,42,0
Manie Libbok,Bulls,3,0,0,2,13,5,43,0,1,0,0,0,7,0,0,0,0,0
Anton Lienert-Brown,Chiefs,3,1,0,5,36,27,158,0,3,0,7,5,12,0,0,1,21,0
Ezekiel Lindenmuth,Blues,3,0,0,0,8,7,32,0,0,0,2,0,1,0,0,0,0,0
Efitusi Ma'afu,Sunwolves,3,0,0,0,13,11,48,2,0,0,1,1,3,0,0,0,0,0
Damian McKenzie,Chiefs,3,1,3,15,70,17,128,0,3,4,11,4,41,0,0,12,377,0
Joe Moody,Crusaders,3,0,0,0,8,5,20,0,0,0,0,1,2,0,0,0,0,0
Richie Mo'unga,Crusaders,3,1,1,5,74,10,137,0,2,0,0,2,48,0,0,15,420,0
Joshua Nasser,Reds,3,1,0,5,5,3,32,0,0,0,0,0,1,0,0,0,0,0
Shunsuke Nunomaki,Sunwolves,3,0,0,0,18,11,39,2,0,0,0,4,10,0,0,0,0,0
Burger  Odendaal,Bulls,3,0,0,0,31,16,112,0,2,1,2,3,10,0,0,4,96,1
Javier Ortega Desio,Jaguares,3,1,0,5,6,4,27,0,0,0,2,1,4,1,0,0,0,0
Rudy Paige,Sunwolves,3,0,0,0,108,6,37,0,1,1,2,0,97,0,0,3,87,0
James Parsons,Blues,3,0,0,0,16,11,37,2,0,0,0,1,4,0,0,0,0,0
Billy Proctor,Hurricanes,3,0,0,0,17,9,57,0,1,0,2,0,3,0,0,1,24,0
Ricky Riccitelli,Hurricanes,3,0,0,0,16,8,33,1,0,0,0,0,6,0,0,0,0,0
JD Schickerling,Stormers,3,0,0,0,12,9,38,0,0,0,1,0,11,13,0,0,0,0
Scott Scrafton,Hurricanes,3,0,0,0,17,13,57,1,0,0,2,0,8,6,0,0,0,0
Mitch Short,Waratahs,3,0,0,0,60,1,3,0,0,0,0,0,52,0,0,2,60,0
Irae Simone,Brumbies,3,2,2,10,49,19,143,0,2,1,4,1,19,0,0,8,221,1
Courtnall Skosan,Lions,3,2,0,10,21,13,84,0,1,0,4,1,6,0,0,1,0,1
Ruan Smith,Rebels,3,0,0,0,16,10,39,0,0,0,4,1,7,0,0,0,0,0
Santiago Socino,Jaguares,3,2,0,10,9,5,21,0,1,0,1,0,3,0,0,0,0,0
Moses Sorovi,Reds,3,0,0,0,19,2,21,0,0,0,1,0,15,0,0,1,51,0
Pita Gus Sowakula,Chiefs,3,1,0,5,28,18,73,4,1,0,4,1,8,0,0,0,0,0
Gerhardus Steenekamp,Bulls,3,0,0,0,11,9,37,1,1,0,3,1,2,0,0,0,0,0
Theo Strang,Rebels,3,0,1,0,20,3,24,0,0,1,1,1,20,0,0,0,0,0
Tautalatasi Tasi,Sunwolves,3,1,0,5,14,11,95,0,1,0,3,2,3,0,0,1,17,0
Ben Te'o,Sunwolves,3,0,1,0,50,26,139,0,0,3,8,5,20,0,0,2,38,0
Rob Thompson,Highlanders,3,0,2,0,38,22,140,2,2,2,7,3,14,0,0,3,81,0
Kaleb Trask,Chiefs,3,1,0,7,47,6,24,0,0,0,2,0,29,0,0,12,496,1
Tevita Tupou,Sunwolves,3,0,0,0,13,9,52,1,0,1,3,2,5,0,0,0,0,0
Isi Tu'ungafasi,Crusaders,3,0,0,0,10,6,16,1,0,0,0,0,4,0,0,0,0,0
Wian Vosloo,Bulls,3,0,0,0,8,6,15,1,0,0,0,0,1,1,0,0,0,0
Sean Wainui,Chiefs,3,1,0,5,35,20,91,0,1,0,3,1,11,0,0,2,82,0
Isaia Walker-Leawere,Hurricanes,3,0,0,0,13,9,45,1,0,0,4,2,13,8,2,0,0,0
Brad Weber,Chiefs,3,1,1,5,124,12,46,1,1,2,3,2,102,0,0,11,298,0
Jack Whetton,Highlanders,3,0,0,0,8,6,19,0,0,0,0,0,5,5,0,0,0,0
Cobus Wiese,Stormers,3,0,0,0,7,5,16,1,0,0,0,0,1,0,0,0,0,0
Tom Wright,Brumbies,3,2,0,10,20,13,150,1,1,0,4,1,4,0,0,2,39,0
Dane Zander,Reds,3,0,0,0,1,1,6,0,0,0,0,0,0,0,0,0,0,0
Willem Alberts,Lions,2,0,0,0,10,7,34,0,0,0,1,0,1,0,0,0,0,0
Matias Alemanno,Jaguares,2,0,0,0,8,6,27,0,0,0,1,0,5,7,1,0,0,0
Michael Allardice,Chiefs,2,0,0,0,10,5,15,2,0,0,1,1,6,5,0,0,0,0
Otere Black,Blues,2,0,1,26,48,5,11,0,0,3,1,1,32,0,0,10,304,0
Phendulani Buthelezi,Sharks,2,0,0,0,4,4,11,0,0,0,0,1,2,1,0,0,0,0
Aaron Carroll,Blues,2,0,0,0,10,8,41,1,1,0,0,1,4,1,0,0,0,0
Ed Craig,Reds,2,1,0,5,1,0,0,0,0,0,0,0,0,0,0,0,0,0
Agustin Creevy,Jaguares,2,2,0,10,15,11,51,1,1,0,4,0,0,0,0,0,0,0
Thomas Cusack,Brumbies,2,1,0,5,9,2,33,0,1,0,0,1,5,0,0,0,0,0
Jeronimo de la Fuente,Jaguares,2,0,0,0,23,8,44,0,0,1,1,0,15,0,0,0,0,0
Andrew Deegan,Rebels,2,1,1,14,36,4,24,0,1,2,1,0,22,0,0,7,228,0
Joaquin Diaz Bonilla,Jaguares,2,0,3,9,45,1,24,0,1,1,2,0,32,0,0,9,233,0
Whetukamokamo Douglas,Crusaders,2,0,0,0,26,13,49,0,0,0,0,2,21,10,2,0,0,0
Corniel Els,Bulls,2,0,0,0,9,8,23,0,0,0,1,0,1,0,0,0,0,0
Tom English,Rebels,2,0,0,0,16,9,60,0,1,0,1,2,7,0,0,2,20,1
Felipe Ezcurra,Jaguares,2,0,0,0,57,2,6,0,0,0,0,1,51,0,0,4,133,0
Nick Frost,Brumbies,2,0,0,0,1,1,1,0,0,0,0,0,0,0,0,0,0,0
Johan Grobbelaar,Bulls,2,0,0,0,11,6,16,2,0,0,0,0,4,0,0,0,0,0
Sione Havili,Crusaders,2,1,0,5,8,6,35,0,1,0,4,0,2,0,1,0,0,0
Harry Hoopert,Reds,2,0,0,0,6,3,15,0,0,0,1,0,3,0,0,0,0,0
Jordan Hyland,Blues,2,0,0,0,12,9,77,0,0,1,1,0,2,0,0,0,0,0
Rieko Ioane,Blues,2,2,1,10,35,21,129,0,3,1,10,1,10,0,0,1,20,0
Bayley Kuenzle,Brumbies,2,0,0,0,2,0,0,0,0,0,0,0,1,0,0,1,35,0
Harrison Lloyd,Brumbies,2,0,0,0,0,0,0,0,0,0,0,0,0,0,0,0,0,0
Marius Louw,Sharks,2,0,0,0,5,3,28,0,0,0,0,0,2,0,0,0,0,0
Tevita Mafileo,Hurricanes,2,0,0,0,1,1,3,0,0,0,0,0,0,0,0,0,0,0
Campbell Magnay,Rebels,2,0,0,0,11,8,55,1,0,0,0,0,2,0,0,0,0,0
Mzamo Majola,Sharks,2,1,0,5,8,5,29,0,1,0,3,0,2,0,0,0,0,0
Scott Malolua,Reds,2,0,0,0,60,2,20,0,0,0,0,1,58,0,0,0,0,0
Duncan Matthews,Lions,2,0,0,0,24,13,78,0,0,0,2,1,10,0,0,1,48,0
Nic Mayhew,Sunwolves,2,0,0,0,5,4,9,1,0,0,0,1,2,0,0,0,0,0
Lachlan McCaffrey,Brumbies,2,0,0,0,5,3,9,0,0,0,0,0,2,0,0,0,0,0
Fraser McReight,Reds,2,0,0,0,14,10,48,0,0,0,1,1,5,0,0,0,0,0
Lwazi Mvovo,Sharks,2,0,0,0,9,6,46,0,0,0,0,0,1,0,0,0,0,0
Abongile Nonkontwana,Bulls,2,0,0,0,5,2,12,0,0,0,0,0,3,4,0,0,0,0
Conan O'Donnell,Highlanders,2,0,0,0,8,8,24,1,0,0,2,0,0,0,0,0,0,0
Reuben O'Neill,Chiefs,2,0,0,0,2,0,0,0,0,0,0,0,1,0,0,0,0,0
Jordan Petaia,Reds,2,0,0,0,15,14,103,1,0,0,3,3,3,0,0,0,0,0
Jacob Pierce,Blues,2,0,0,0,13,13,35,2,0,0,0,1,2,4,0,0,0,0
Reed Prinsep,Hurricanes,2,0,0,0,16,12,49,0,0,0,0,0,5,2,0,0,0,0
Pouri Rakete-Stones,Hurricanes,2,0,0,0,2,2,7,0,0,0,0,0,0,0,0,0,0,0
Dylan Richardson,Sharks,2,1,0,5,19,11,59,1,1,0,5,0,2,0,0,0,0,0
Divan Rossouw,Bulls,2,0,0,0,1,1,8,0,0,0,0,0,0,0,0,0,0,0
Wandisile Simelane,Lions,2,0,0,0,9,7,72,0,0,0,1,0,3,0,0,0,0,0
Dillon Smit,Lions,2,0,0,0,53,0,0,0,0,0,0,0,53,0,0,0,0,0
Ruan Steenkamp,Bulls,2,0,0,0,16,12,43,2,0,0,1,0,1,0,0,0,0,0
Shaun Stevenson,Chiefs,2,1,2,5,23,8,67,1,3,0,1,1,5,0,0,9,291,2
Seru Uru,Reds,2,0,0,0,1,1,3,1,0,0,0,0,1,1,0,0,0,0
Ruan Vermaak,Lions,2,0,1,0,7,4,13,0,0,1,0,0,3,0,0,0,0,0
Tei Walden,Highlanders,2,0,0,0,2,0,0,0,0,0,0,0,2,0,0,0,0,0
Andre Warner,Lions,2,1,0,5,157,7,35,1,0,0,3,2,141,0,0,10,293,1
Tomas Albornoz,Jaguares,1,0,0,2,2,0,0,0,0,0,0,0,0,0,0,2,140,0
Leni Apisai,Sunwolves,1,0,0,0,1,1,1,0,0,0,0,0,0,0,0,0,0,0
Kwenzokuhle Blose,Stormers,1,0,0,0,0,0,0,0,0,0,0,0,0,0,0,0,0,0
Mateo Carreras,Jaguares,1,0,0,0,19,10,80,0,1,0,2,1,5,0,0,6,224,0
Boeta Chamberlain,Sharks,1,0,0,2,2,0,0,0,0,0,0,0,1,0,0,1,44,0
Cameron Clark,Waratahs,1,0,0,0,5,1,4,0,0,0,0,0,3,0,0,0,0,0
Dane Coles,Hurricanes,1,1,0,5,2,0,0,0,0,1,0,0,1,0,0,0,0,0
Filipo Daugunu,Reds,1,0,0,0,4,3,6,0,0,0,1,0,0,0,0,0,0,0
Paul de Wet,Stormers,1,0,0,0,19,0,0,0,0,0,0,0,17,0,0,1,30,0
Javier Diaz,Jaguares,1,0,0,0,2,1,2,0,0,0,0,0,0,0,0,0,0,0
Tima Fainga'anuku,Highlanders,1,0,0,0,7,6,76,0,0,0,1,0,1,0,0,0,0,0
Tiaan Falcon,Chiefs,1,0,0,0,7,2,14,0,0,0,0,1,6,0,0,0,0,0
Feao Fotuaika,Reds,1,0,0,0,0,0,0,0,0,0,0,0,0,0,0,0,0,0
Scott Gregory,Highlanders,1,1,0,5,4,2,18,0,1,0,1,0,1,0,0,0,0,0
Alex Hodgman,Blues,1,0,0,0,4,4,16,0,0,0,1,0,0,0,0,0,0,0
Alex Horan,Sunwolves,1,0,0,0,4,3,28,0,0,0,1,0,0,0,0,0,0,0
Len Ikitau,Brumbies,1,0,0,0,2,1,5,0,0,0,1,0,1,0,0,0,0,0
Akira Ioane,Blues,1,0,0,0,2,1,0,0,0,0,0,0,2,1,0,0,0,0
Josh Iosefa-Scott,Highlanders,1,0,0,0,0,0,0,0,0,0,0,0,0,0,0,0,0,0
Jordan Jackson-Hope,Sunwolves,1,0,0,0,11,6,56,0,0,0,1,1,4,0,0,1,42,0
Luke Jacobson,Chiefs,1,0,0,0,2,2,9,0,0,0,1,0,1,1,0,0,0,0
Luke Jones,Rebels,1,0,0,0,5,2,12,0,0,0,0,0,4,3,0,0,0,0
Takahiro Kimura,Sunwolves,1,0,0,0,1,0,0,0,0,0,0,0,1,0,0,0,0,0
Siya Kolisi,Stormers,1,0,0,0,3,2,11,0,0,0,0,0,1,0,0,0,0,0
Kirisi Kuridrani,Highlanders,1,0,0,0,5,4,35,0,0,0,1,1,2,0,0,0,0,0
Nepo Laulala,Chiefs,1,0,0,0,1,0,0,0,0,0,0,0,1,0,0,0,0,0
Orbyn Leger,Chiefs,1,0,0,0,7,3,21,0,0,0,1,0,5,1,0,0,0,0
Lachlan Lonergan,Brumbies,1,0,0,0,3,1,1,0,0,0,0,0,0,0,0,0,0,0
James Marshall,Hurricanes,1,0,0,0,8,2,6,0,0,0,0,0,6,0,0,0,0,0
Simphiwe Matanzima,Bulls,1,0,0,0,5,4,12,0,0,0,1,0,0,0,0,0,0,0
Ben May,Hurricanes,1,0,0,0,1,0,0,0,0,0,0,0,1,0,0,0,0,0
Bongi Mbonambi,Stormers,1,0,0,0,4,4,17,0,0,0,1,0,0,0,0,0,0,0
Sam McNicol,Chiefs,1,0,0,0,6,2,15,0,0,0,1,0,1,0,0,2,108,0
David Meihuzen,Stormers,1,0,0,0,3,3,7,1,0,0,0,0,1,1,0,0,0,0
Lisati Milo-Harris,Chiefs,1,0,0,0,11,0,0,0,0,0,0,0,11,0,0,0,0,0
Liam Mitchell,Hurricanes,1,0,0,0,2,0,0,0,0,0,0,0,0,0,1,0,0,0
Tepai Moeroa,Waratahs,1,0,0,0,3,3,17,0,0,0,0,1,1,0,0,0,0,0
Dylan Nel,Chiefs,1,0,0,0,5,2,15,0,0,0,1,0,4,1,0,0,0,0
Ray Niuia,Blues,1,0,0,0,7,5,18,0,0,0,2,0,2,0,0,0,0,0
S'busiso Nkosi,Sharks,1,1,0,5,8,4,35,0,0,0,0,0,1,0,0,2,102,0
Oliver Norris,Chiefs,1,0,0,0,0,0,0,0,0,0,0,0,0,0,0,0,0,0
Xavier Numia,Hurricanes,1,0,0,0,1,1,5,0,0,0,0,0,0,0,0,0,0,0
Brendon O'Connor,Sunwolves,1,0,0,0,7,1,5,0,0,0,0,0,4,2,0,0,0,0
Jumpei Ogura,Sunwolves,1,0,0,5,17,5,29,0,0,1,0,1,10,0,0,1,15,0
Matias Orlando,Jaguares,1,0,0,0,5,2,14,0,0,0,0,0,2,0,0,0,0,0
Brandon Paenga-Amosa,Reds,1,0,0,0,3,3,4,0,0,0,0,0,0,0,0,0,0,0
Pari Pari Parkinson,Highlanders,1,0,0,0,3,2,4,0,0,0,0,0,1,0,0,0,0,0
Reesjan Pasitoa,Brumbies,1,0,0,0,0,0,0,0,0,0,0,0,0,0,0,0,0,0
Juan Bautista Pedemonte,Jaguares,1,0,0,0,0,0,0,0,0,0,0,0,0,0,0,0,0,0
Ryno Pieterse,Bulls,1,0,0,0,3,3,16,0,0,0,0,0,0,0,0,0,0,0
Rikus Pretorius,Stormers,1,0,0,0,3,1,5,0,0,0,0,0,2,0,0,0,0,0
Toni Pulu,Brumbies,1,0,0,0,1,1,0,0,0,0,0,0,0,0,0,0,0,0
James Ramm,Waratahs,1,1,0,5,4,2,30,0,0,0,0,0,0,0,0,1,34,0
Marcel Renata,Blues,1,0,0,0,1,1,6,0,0,0,1,0,0,0,0,0,0,0
Shaun Reynolds,Lions,1,0,0,0,1,0,0,0,0,0,0,0,0,0,0,0,0,0
Ethan Roots,Crusaders,1,0,0,0,1,1,6,0,0,0,0,0,0,0,0,0,0,0
Tom Ross,Brumbies,1,0,0,0,0,0,0,0,0,0,0,0,0,0,0,0,0,0
Fereti Sa'aga,Rebels,1,0,0,0,5,3,9,1,0,0,0,0,2,0,0,0,0,0
Manaaki Selby-Rickit,Highlanders,1,0,0,0,9,6,26,0,0,0,1,0,2,1,0,0,0,0
Lucio Sordoni,Jaguares,1,0,0,0,2,2,2,0,0,0,0,0,0,0,0,0,0,0
Darcy Swain,Brumbies,1,0,0,0,5,3,10,1,0,0,0,0,6,6,0,0,0,0
Tiaan Swanepoel,Lions,1,0,0,0,15,6,25,0,0,0,0,0,4,0,0,2,106,0
Angus Ta'avao,Chiefs,1,0,0,0,1,1,0,0,0,0,0,0,0,0,0,0,0,0
Chris Talakai,Waratahs,1,0,0,0,2,0,0,0,0,0,0,0,2,0,0,0,0,0
Jonathan Taumateine,Hurricanes,1,0,0,0,20,3,26,0,0,0,2,1,18,0,0,0,0,0
Corey Thomas,Sunwolves,1,0,0,0,1,0,0,0,0,0,0,0,1,1,0,0,0,0
Adam Thomson,Chiefs,1,0,0,0,5,2,4,1,0,0,0,0,7,6,0,0,0,0
Jeff Thwaites,Highlanders,1,0,0,0,2,2,8,0,0,0,0,0,0,0,0,0,0,0
Chase Tiatia,Hurricanes,1,2,2,12,19,6,84,0,3,1,3,1,11,0,0,1,36,0
Carlo Tizzano,Waratahs,1,0,0,0,2,2,14,1,0,0,0,0,0,0,0,0,0,0
Luteru Tolai,Blues,1,0,0,0,3,2,8,0,0,0,0,0,1,0,0,0,0,0
Patelesio Tomkinson,Highlanders,1,0,0,0,3,2,21,0,0,0,0,0,0,0,0,1,46,0
Nafi Tuitavake,Bulls,1,0,0,0,8,6,47,0,0,0,0,0,1,0,0,0,0,0
Jordan Uelese,Rebels,1,0,0,0,1,1,3,0,0,0,0,0,0,0,0,0,0,0
Jamba Ulengo,Lions,1,0,0,0,17,13,128,1,1,0,0,0,1,0,0,2,57,0
Peter Umaga-Jensen,Hurricanes,1,0,0,0,1,1,12,0,0,0,0,0,0,0,0,0,0,0
Marco van Staden,Bulls,1,1,0,5,13,12,47,1,0,0,3,1,3,0,0,0,0,0
Frans van Wyk,Lions,1,0,0,0,3,1,1,0,0,0,0,0,2,0,0,0,0,0
Kobus van Wyk,Hurricanes,1,3,0,15,15,9,66,0,2,0,8,0,5,0,0,0,0,0
Kyo Yoshida,Sunwolves,1,0,0,0,3,2,9,0,0,0,0,0,1,0,0,0,0,0
